Datettime,Max_Temp,Max Temp Flag,Min_Temp,Mean_Temp,Total_Rain_mm,Total_Snow_cm,Total_Precip_mm,Snow_on_Grnd_cm,Dir_of_Max_Gust,,
2014-01-01,-16.5,,-24.6,-20.6,0,0,0,23,29,,
2014-01-02,-22.6,,-27.3,-25,0,1.4,1.4,23,2,,
2014-01-03,-19.2,,-24.3,-21.8,0,0,0,21,3,,
2014-01-04,-8.6,,-23.3,-16,0,0,0,20,,,
2014-01-05,0.3,,-12.6,-6.2,12.2,1.8,14,19,7,,
2014-01-06,7.1,,-11.1,-2,10.3,0.4,10.7,18,22,,
2014-01-07,-11.1,,-16.6,-13.9,0,0.2,0.2,16,22,,
2014-01-08,-8.7,,-14.7,-11.7,0,0,0,16,23,,
2014-01-09,-7.8,,-12.3,-10.1,0,0,0,,22,,
2014-01-10,-4.5,,-14.2,-9.4,0,0,0,15,,,
2014-01-11,7.3,,-6.4,0.5,6.2,0,6.2,14,23,,
2014-01-12,4.5,,0.3,2.4,0,0,0,13,24,,
2014-01-13,5.1,,-0.9,2.1,0,0,0,12,16,,
2014-01-14,4.2,,-1.3,1.5,5.4,0,5.4,9,26,,
2014-01-15,1.9,,-4.1,-1.1,0.2,0,0.2,8,22,,
2014-01-16,-0.5,,-5.1,-2.8,0,0,0,7,,,
2014-01-17,0.6,,-5.2,-2.3,0,0.6,0.6,6,,,
2014-01-18,2.4,,-7,-2.3,0,0.2,0.2,6,,,
2014-01-19,-2.2,,-6.4,-4.3,0,1.4,1.4,6,24,,
2014-01-20,-6.4,,-20.7,-13.6,,1.6,1.2,7,30,,
2014-01-21,-19.1,,-23.8,-21.5,0,0,0,7,,,
2014-01-22,-17.6,,-25.4,-21.5,0,0,0,7,,,
2014-01-23,-17.5,,-23.2,-20.4,0,0,0,7,24,,
2014-01-24,-9.7,,-23.8,-16.8,0,0,0,6,17,,
2014-01-25,-5.3,,-15.5,-10.4,0,2,2,6,26,,
2014-01-26,-13.8,,-21.5,-17.7,0,0.4,0.4,6,26,,
2014-01-27,-6.4,,-17.9,-12.2,0.4,5.2,5.6,7,25,,
2014-01-28,-10.8,,-19.9,-15.4,0,0,0,7,23,,
2014-01-29,-9.6,,-14.2,-11.9,0,0,0,7,23,,
2014-01-30,-4.4,,-12.7,-8.6,0,0,0,7,15,,
2014-01-31,1.3,,-7.1,-2.9,0,0,0,7,20,,
2014-02-01,-1.3,,-10.9,-6.1,0,12,12,7,,,
2014-02-02,-1.1,,-7.9,-4.5,0,4.6,4.6,17,27,,
2014-02-03,-6.9,,-15.3,-11.1,0,0,0,17,,,
2014-02-04,-6.1,,-16.8,-11.5,0,0,0,16,,,
2014-02-05,-7.9,,-15.6,-11.8,0,5.4,5.4,16,3,,
2014-02-06,-9.3,,-20,-14.7,0,0.4,0.4,19,24,,
2014-02-07,-7.6,,-12.9,-10.3,0,0,0,19,23,,
2014-02-08,-5.7,,-12.3,-9,0,0,0,12,25,,
2014-02-09,-7.1,,-12.5,-9.8,0,1.4,1.4,12,,,
2014-02-10,-6.8,,-16.1,-11.5,0,0.4,0.4,12,25,,
2014-02-11,-11.1,,-19.6,-15.4,0,0,0,12,27,,
2014-02-12,-9.8,,-23.1,-16.5,0,0,0,12,,,
2014-02-13,-6.1,,-18.4,-12.3,0,2,1.8,12,1,,
2014-02-14,-2.2,,-6.1,-4.2,0,12.4,12.4,18,1,,
2014-02-15,-5.6,,-11.8,-8.7,0,0,0,20,,,
2014-02-16,-9.5,,-15.8,-12.7,0,0,0,20,26,,
2014-02-17,-9.9,,-17.4,-13.7,0,0,0,19,20,,
2014-02-18,-3.4,,-15.6,-9.5,0,2.4,2.4,19,4,,
2014-02-19,1.5,,-5.4,-2,0,0,0,20,12,,
2014-02-20,2.8,,-4.9,-1.1,0,0,0,18,24,,
2014-02-21,4.2,,-0.6,1.8,19.2,0,19.2,14,22,,
2014-02-22,6.1,,-1.8,2.2,0,0,0,5,23,,
2014-02-23,1.5,,-4.3,-1.4,0,0,0,5,28,,
2014-02-24,-4.3,,-10.6,-7.5,0,0.2,0.2,5,25,,
2014-02-25,-9,,-12.9,-11,0,0,0,5,24,,
2014-02-26,-9.7,,-14.8,-12.3,0,1.6,1.6,5,24,,
2014-02-27,-6.9,,-14.8,-10.9,0,0.4,0.4,5,24,,
2014-02-28,-12.1,,-18.2,-15.2,0,0,0,5,23,,
2014-03-01,-3.4,,-14.2,-8.8,0,2,2,5,25,,
2014-03-02,-5.5,,-16.6,-11.1,0,0.6,0.6,6,30,,
2014-03-03,-13,,-18.1,-15.6,0,0,0,5,25,,
2014-03-04,-11,,-18.5,-14.8,0,1.4,1.4,5,24,,
2014-03-05,-9,,-17.6,-13.3,0,0,0,6,5,,
2014-03-06,-8.5,,-19.9,-14.2,0,0,0,6,,,
2014-03-07,0.2,,-18.4,-9.1,0,0,0,6,,,
2014-03-08,2.2,,-7.2,-2.5,0,0.8,0.8,5,,,
2014-03-09,-3.8,,-12.6,-8.2,0,3,3,5,22,,
2014-03-10,0.7,,-5.4,-2.4,0,4,4,7,,,
2014-03-11,5.2,,0.2,2.7,0,0,0,10,28,,
2014-03-12,1.7,,-11.9,-5.1,0,15.4,15.4,5,1,,
2014-03-13,-6.7,,-15.6,-11.2,0,2.2,2.2,16,28,,
2014-03-14,2.1,,-16.7,-7.3,0,0,0,16,14,,
2014-03-15,4.6,,-8.4,-1.9,0.2,0.2,0.4,8,24,,
2014-03-16,-8.4,,-14.1,-11.3,0,0,0,5,24,,
2014-03-17,-6.8,,-16.8,-11.8,0,0,0,5,24,,
2014-03-18,-2.5,,-13.8,-8.2,0,0,0,5,,,
2014-03-19,3.2,,-9,-2.9,1.4,0.4,1.8,5,16,,
2014-03-20,2.9,,-0.3,1.3,2.4,0.2,2.6,4,22,,
2014-03-21,2.5,,-3,-0.3,0,0.2,0.2,2,26,,
2014-03-22,0.6,,-3.8,-1.6,0,9.6,9.6,2,24,,
2014-03-23,0,,-13.6,-6.8,0,0,0,6,28,,
2014-03-24,-4.7,,-16.5,-10.6,0,0,0,6,24,,
2014-03-25,-0.9,,-11.7,-6.3,0,0,0,6,22,,
2014-03-26,-2.4,,-9.8,-6.1,0,0,0,5,27,,
2014-03-27,-1.8,,-13.1,-7.5,0,0.2,0.2,5,22,,
2014-03-28,4.1,,-2.7,0.7,9.2,4.2,15.2,9,15,,
2014-03-29,3.2,,0.5,1.9,0,0,0,3,3,,
2014-03-30,0.5,,-1.4,-0.5,0,15.2,15.2,7,4,,
2014-03-31,5.7,,-1.8,2,0,0,0,12,1,,
2014-04-01,4.4,,-3.5,0.5,0,0,0,9,5,,
2014-04-02,4.8,,1.2,3,0,0,0,5,22,,
2014-04-03,2.9,,-2.2,0.4,0,0,0,2,33,,
2014-04-04,7,,-3.4,1.8,16.8,0,16.8,1,15,,
2014-04-05,4.7,,0.4,2.6,1.2,0,1.2,0,24,,
2014-04-06,6.6,,-1.2,2.7,0,0,0,0,28,,
2014-04-07,13,,-0.1,6.5,6.4,0,6.4,0,16,,
2014-04-08,5.2,,2.6,3.9,22.6,0,22.6,,5,,
2014-04-09,4.8,,-0.9,2,0,0,0,,26,,
2014-04-10,16.2,,-1.6,7.3,4,0,4,,26,,
2014-04-11,11.8,,2.9,7.4,0,0,0,,26,,
2014-04-12,14.3,,1.5,7.9,0,0,0,,27,,
2014-04-13,11.7,,2.6,7.2,8.2,0,8.2,,1,,
2014-04-14,24.5,,2.2,13.4,9,0,9,,30,,
2014-04-15,16.2,,-5.1,5.6,8.6,0.4,9,0,26,,
2014-04-16,0.6,,-7.3,-3.4,0,0,0,0,29,,
2014-04-17,7.7,,-2.9,2.4,0,0,0,,7,,
2014-04-18,10.8,,1.7,6.3,0,0,0,,13,,
2014-04-19,10.6,,-0.5,5.1,0.4,0,0.4,,29,,
2014-04-20,14.1,,-2.6,5.8,0,0,0,,,,
2014-04-21,19.2,,7.4,13.3,1.2,0,1.2,,22,,
2014-04-22,12.7,,7,9.9,10.4,0,10.4,,,,
2014-04-23,11.8,,3.6,7.7,0,0,0,,30,,
2014-04-24,13.2,,1.4,7.3,0,0,0,,34,,
2014-04-25,11.9,,-0.3,5.8,0,0,0,,4,,
2014-04-26,8.4,,2.8,5.6,11.4,0,11.4,,35,,
2014-04-27,10.4,,2.3,6.4,2,0,2,,2,,
2014-04-28,12.3,,1.8,7.1,0,0,0,,4,,
2014-04-29,16.5,,5.7,11.1,2.8,0,2.8,,8,,
2014-04-30,10.6,,5.1,7.9,30.8,0,30.8,,11,,
2014-05-01,16.1,,6.1,11.1,8.2,0,8.2,,23,,
2014-05-02,13,,8.1,10.6,0.6,0,0.6,,22,,
2014-05-03,16.3,,7.9,12.1,0.8,0,0.8,,20,,
2014-05-04,12,,7.3,9.7,19.4,0,19.4,,22,,
2014-05-05,13.4,,6.3,9.9,0,0,0,,25,,
2014-05-06,15,,4.2,9.6,0,0,0,,28,,
2014-05-07,15.8,,3.2,9.5,0,0,0,,34,,
2014-05-08,16.8,,5.2,11,0,0,0,,3,,
2014-05-09,20.8,,8.8,14.8,4.2,0,4.2,,13,,
2014-05-10,23.8,,11.9,17.9,4.4,0,4.4,,23,,
2014-05-11,21.9,,11.4,16.7,0,0,0,,23,,
2014-05-12,22.4,,9.1,15.8,0,0,0,,4,,
2014-05-13,18.4,,8.3,13.4,1.4,0,1.4,,3,,
2014-05-14,24.9,,13.6,19.3,0,0,0,,,,
2014-05-15,28.2,,17.5,22.9,0,0,0,,15,,
2014-05-16,22.2,,10.3,16.3,29.8,0,29.8,,13,,
2014-05-17,15.4,,8.3,11.9,10.8,0,10.8,,22,,
2014-05-18,16.6,,6.3,11.5,0,0,0,,26,,
2014-05-19,20.2,,9.2,14.7,0,0,0,,,,
2014-05-20,22.8,,8.7,15.8,0,0,0,,20,,
2014-05-21,23.8,,10.4,17.1,0,0,0,,5,,
2014-05-22,19,,12.9,16,1,0,1,,11,,
2014-05-23,20.8,,10.8,15.8,0,0,0,,8,,
2014-05-24,21.4,,11.4,16.4,0,0,0,,,,
2014-05-25,25.2,,9.4,17.3,4.6,0,4.6,,28,,
2014-05-26,22.8,,16.3,19.6,3.6,0,3.6,,27,,
2014-05-27,16.9,,8.6,12.8,4.2,0,4.2,,2,,
2014-05-28,16.1,,8.1,12.1,0.6,0,0.6,,3,,
2014-05-29,20.5,,6.1,13.3,0,0,0,,,,
2014-05-30,22.6,,12,17.3,2,0,2,,4,,
2014-05-31,20.2,,9.1,14.7,0,0,0,,3,,
2014-06-01,25.2,,9.7,17.5,0,0,0,,19,,
2014-06-02,30.4,,15.7,23.1,0,0,0,,22,,
2014-06-03,28.1,,19.1,23.6,22,0,22,,28,,
2014-06-04,21.3,,14,17.7,0.2,0,0.2,,27,,
2014-06-05,17,,13.4,15.2,0.6,0,0.6,,,,
2014-06-06,23,,12.9,18,0,0,0,,27,,
2014-06-07,27.5,,13.3,20.4,0,0,0,,24,,
2014-06-08,28,,14.6,21.3,0,0,0,,,,
2014-06-09,27.9,,19.2,23.6,0,0,0,,2,,
2014-06-10,24.6,,15.8,20.2,0.4,0,0.4,,4,,
2014-06-11,24.1,,13.1,18.6,10.4,0,10.4,,14,,
2014-06-12,17.9,,12.9,15.4,26.2,0,26.2,,15,,
2014-06-13,19.9,,16.8,18.4,41.4,0,41.4,,15,,
2014-06-14,19.8,,14.6,17.2,1.4,0,1.4,,24,,
2014-06-15,23.6,,13.6,18.6,0,0,0,,33,,
2014-06-16,24.8,,11.4,18.1,0,0,0,,,,
2014-06-17,27.2,,14,20.6,23.4,0,23.4,,3,,
2014-06-18,25.7,,16.6,21.2,2,0,2,,27,,
2014-06-19,24.6,,14.6,19.6,0,0,0,,32,,
2014-06-20,21.7,,12.1,16.9,0,0,0,,30,,
2014-06-21,22.1,,10.4,16.3,0,0,0,,29,,
2014-06-22,23.8,,11.5,17.7,0,0,0,,,,
2014-06-23,26.8,,13.4,20.1,0,0,0,,,,
2014-06-24,21.9,,19.2,20.6,40,0,40,,31,,
2014-06-25,24,,18.2,21.1,0.2,0,0.2,,3,,
2014-06-26,26.3,,17,21.7,0,0,0,,3,,
2014-06-27,28.4,,15,21.7,0,0,0,,,,
2014-06-28,29.2,,16.3,22.8,0,0,0,,,,
2014-06-29,30.7,,19.1,24.9,0,0,0,,14,,
2014-06-30,29.7,,22.8,26.3,0,0,0,,25,,
2014-07-01,33.2,,21.6,27.4,0,0,0,,23,,
2014-07-02,29.8,,21.2,25.5,0,0,0,,26,,
2014-07-03,24.4,,18.9,21.7,0.6,0,0.6,,,,
2014-07-04,23.4,,16,19.7,3.2,0,3.2,,,,
2014-07-05,27.7,,14.5,21.1,0,0,0,,26,,
2014-07-06,27.4,,18.7,23.1,0,0,0,,23,,
2014-07-07,23.4,,19.5,21.5,10,0,10,,22,,
2014-07-08,30.6,,19,24.8,7,0,7,,19,,
2014-07-09,23.5,,17.7,20.6,0,0,0,,23,,
2014-07-10,23.1,,14.3,18.7,0,0,0,,26,,
2014-07-11,25.4,,13.4,19.4,0,0,0,,,,
2014-07-12,27.4,,16,21.7,0,0,0,,,,
2014-07-13,23.9,,19.6,21.8,11,0,11,,17,,
2014-07-14,24.1,,17.6,20.9,0,0,0,,23,,
2014-07-15,21.9,,17.6,19.8,2.8,0,2.8,,3,,
2014-07-16,24.8,,16.6,20.7,0,0,0,,24,,
2014-07-17,23.4,,14,18.7,0.2,0,0.2,,26,,
2014-07-18,26.2,,14,20.1,0,0,0,,28,,
2014-07-19,27.5,,16.5,22,0,0,0,,,,
2014-07-20,28,,18.9,23.5,0,0,0,,,,
2014-07-21,29.4,,20.8,25.1,0,0,0,,,,
2014-07-22,29.7,,20.5,25.1,0,0,0,,24,,
2014-07-23,26.4,,17.7,22.1,11.4,0,11.4,,23,,
2014-07-24,22.9,,13.8,18.4,0,0,0,,1,,
2014-07-25,25.8,,14.7,20.3,0,0,0,,21,,
2014-07-26,26,,15.9,21,0.2,0,0.2,,23,,
2014-07-27,25,,18,21.5,10.2,0,10.2,,20,,
2014-07-28,18.5,,14.2,16.4,9.8,0,9.8,,36,,
2014-07-29,21.3,,12,16.7,0,0,0,,25,,
2014-07-30,24,,13.8,18.9,0.8,0,0.8,,,,
2014-07-31,21.8,,14.3,18.1,12.8,0,12.8,,24,,
2014-08-01,26.1,,14.8,20.5,0,0,0,,,,
2014-08-02,27.8,,16.1,22,0,0,0,,19,,
2014-08-03,28,,16.6,22.3,0,0,0,,,,
2014-08-04,27.7,,18.3,23,0.6,0,0.6,,26,,
2014-08-05,25.4,,17.7,21.6,1.6,0,1.6,,27,,
2014-08-06,25.6,,14.9,20.3,0,0,0,,30,,
2014-08-07,23.1,,15.9,19.5,6.2,0,6.2,,32,,
2014-08-08,27,,14,20.5,0,0,0,,28,,
2014-08-09,28.7,,15.4,22.1,0,0,0,,27,,
2014-08-10,28.6,,16.6,22.6,0,0,0,,19,,
2014-08-11,29.7,,17.8,23.8,0,0,0,,,,
2014-08-12,27.9,,19.1,23.5,2.2,0,2.2,,14,,
2014-08-13,21.1,,16,18.6,44.4,0,44.4,,16,,
2014-08-14,17.6,,12,14.8,0,0,0,,24,,
2014-08-15,17.5,,12.2,14.9,5.2,0,5.2,,22,,
2014-08-16,18.5,,14.6,16.6,13.2,0,13.2,,21,,
2014-08-17,22.8,,14.6,18.7,0,0,0,,26,,
2014-08-18,22.2,,11.7,17,0,0,0,,28,,
2014-08-19,23.5,,10.6,17.1,0,0,0,,,,
2014-08-20,27.3,,12.8,20.1,0,0,0,,,,
2014-08-21,23.1,,17.9,20.5,0,0,0,,8,,
2014-08-22,23.8,,17.3,20.6,0,0,0,,13,,
2014-08-23,26,,14.7,20.4,0,0,0,,,,
2014-08-24,27.7,,14.5,21.1,0,0,0,,,,
2014-08-25,28.9,,17.6,23.3,0,0,0,,,,
2014-08-26,28.6,,17,22.8,0.4,0,0.4,,24,,
2014-08-27,25.6,,18.4,22,0,0,0,,27,,
2014-08-28,21.9,,14.2,18.1,0,0,0,,30,,
2014-08-29,22.6,,11.4,17,0,0,0,,,,
2014-08-30,27.3,,16.7,22,0.2,0,0.2,,22,,
2014-08-31,25.3,,19.8,22.6,11.2,0,11.2,,23,,
2014-09-01,25.9,,18.7,22.3,0,0,0,,,,
2014-09-02,28.6,,18.3,23.5,4.4,0,4.4,,28,,
2014-09-03,25.5,,18,21.8,0,0,0,,25,,
2014-09-04,27.7,,16.3,22,0.4,0,0.4,,23,,
2014-09-05,30.8,,20.1,25.5,3,0,3,,24,,
2014-09-06,23.2,,10.6,16.9,5,0,5,,22,,
2014-09-07,22.1,,10.6,16.4,0,0,0,,27,,
2014-09-08,24.7,,11.4,18.1,0,0,0,,,,
2014-09-09,23.1,,14.3,18.7,0,0,0,,14,,
2014-09-10,24.8,,14.6,19.7,0,0,0,,13,,
2014-09-11,25.1,,10.1,17.6,7.2,0,7.2,,27,,
2014-09-12,14.1,,6.1,10.1,0,0,0,,,,
2014-09-13,12.6,,5.9,9.3,19,0,19,,22,,
2014-09-14,10.9,,4.6,7.8,0,0,0,,27,,
2014-09-15,18.3,,4.8,11.6,0.2,0,0.2,,23,,
2014-09-16,18.6,,9.3,14,0.4,0,0.4,,27,,
2014-09-17,17.2,,8,12.6,2.6,0,2.6,,22,,
2014-09-18,12.4,,3.4,7.9,0.2,0,0.2,,36,,
2014-09-19,13,,1.2,7.1,0,0,0,,17,,
2014-09-20,19.8,,9.2,14.5,0.2,0,0.2,,17,,
2014-09-21,23.2,,14,18.6,6.2,0,6.2,,19,,
2014-09-22,14,,6.9,10.5,0,0,0,,27,,
2014-09-23,17.2,,7.3,12.3,1.2,0,1.2,,26,,
2014-09-24,21.8,,6.7,14.3,0,0,0,,,,
2014-09-25,22.8,,10.8,16.8,0,0,0,,,,
2014-09-26,25.5,,11.9,18.7,0,0,0,,27,,
2014-09-27,25.5,,12.8,19.2,0,0,0,,,,
2014-09-28,24.8,,14.8,19.8,0,0,0,,21,,
2014-09-29,18,,8.7,13.4,0,0,0,,3,,
2014-09-30,17.3,,9.3,13.3,0,0,0,,4,,
2014-10-01,16.6,,10.4,13.5,0,0,0,,1,,
2014-10-02,20.3,,8.7,14.5,0,0,0,,,,
2014-10-03,23.1,,8.8,16,0,0,0,,11,,
2014-10-04,16.6,,9.8,13.2,23.6,0,23.6,,15,,
2014-10-05,13.7,,7.9,10.8,0,0,0,,22,,
2014-10-06,16.3,,8,12.2,0.4,0,0.4,,15,,
2014-10-07,18.2,,11.9,15.1,4,0,4,,15,,
2014-10-08,17.5,,8.7,13.1,19.8,0,19.8,,21,,
2014-10-09,12.5,,5.2,8.9,0.8,0,0.8,,25,,
2014-10-10,11.8,,4.6,8.2,0,0,0,,25,,
2014-10-11,13.1,,2.6,7.9,0,0,0,,25,,
2014-10-12,13.2,,2.6,7.9,0,0,0,,,,
2014-10-13,17.8,,2.2,10,0,0,0,,,,
2014-10-14,24.8,,13.7,19.3,0,0,0,,14,,
2014-10-15,23.6,,18.2,20.9,6.4,0,6.4,,14,,
2014-10-16,21.7,,14.6,18.2,7.6,0,7.6,,12,,
2014-10-17,18.4,,14.3,16.4,0.4,0,0.4,,23,,
2014-10-18,16.9,,5.9,11.4,1.4,0,1.4,,33,,
2014-10-19,7.5,,3,5.3,0,0,0,,30,,
2014-10-20,6.8,,1.8,4.3,1.2,0,1.2,,,,
2014-10-21,7.4,,5.6,6.5,3,0,3,,3,,
2014-10-22,12.6,,6,9.3,0,0,0,,3,,
2014-10-23,8.6,,6.9,7.8,5.8,0,5.8,,2,,
2014-10-24,11.5,,4.9,8.2,1,0,1,,1,,
2014-10-25,13.1,,5.2,9.2,3.8,0,3.8,,23,,
2014-10-26,10.9,,7.2,9.1,0.8,0,0.8,,26,,
2014-10-27,11.2,,5.7,8.5,0.2,0,0.2,,26,,
2014-10-28,13.7,,7,10.4,6.2,0,6.2,,,,
2014-10-29,14.2,,8.5,11.4,0.6,0,0.6,,23,,
2014-10-30,10,,2.8,6.4,0,0,0,,25,,
2014-10-31,7.2,,1.5,4.4,0,0,0,,3,,
2014-11-01,6.9,,1.9,4.4,0,0,0,,3,,
2014-11-02,7.6,,-0.3,3.7,0,0,0,,34,,
2014-11-03,6.3,,-1,2.7,0,0,0,,27,,
2014-11-04,11.7,,4.3,8,2.4,0,2.4,,19,,
2014-11-05,12.2,,5.7,9,2,0,2,,25,,
2014-11-06,8.3,,2.6,5.5,3,0,3,,3,,
2014-11-07,4.8,,-0.2,2.3,1.8,0,1.8,,35,,
2014-11-08,4.4,,-1.4,1.5,0.2,0,0.2,,23,,
2014-11-09,6.5,,2.7,4.6,0,0,0,,24,,
2014-11-10,7.1,,3.5,5.3,0,0,0,,28,,
2014-11-11,12.5,,0.2,6.4,0,0,0,,4,,
2014-11-12,8.4,,1.6,5,3.8,0,3.8,,26,,
2014-11-13,4.7,,-0.8,2,0,0,0,,23,,
2014-11-14,2.1,,-4,-1,0,0,0,,28,,
2014-11-15,1.6,,-4.9,-1.7,0,0,0,,22,,
2014-11-16,3.3,,-0.6,1.4,0,0.8,1.2,0,21,,
2014-11-17,1.5,,-0.6,0.5,0,12.6,12.6,1,23,,
2014-11-18,1.5,,-4.7,-1.6,0,2,2,4,24,,
2014-11-19,-2,,-7.7,-4.9,0,0.6,0.6,4,22,,
2014-11-20,-0.1,,-5.1,-2.6,0,0.4,0.4,4,23,,
2014-11-21,-4.6,,-8.2,-6.4,0,0,0,4,23,,
2014-11-22,3,,-7.9,-2.5,3.4,0.4,3.8,2,21,,
2014-11-23,7.9,,2.8,5.4,0,0,0,,,,
2014-11-24,18,,6.8,12.4,16,0,16,,23,,
2014-11-25,7.8,,2,4.9,,0,,,23,,
2014-11-26,2.5,,-0.9,0.8,0,0,0,,24,,
2014-11-27,-0.1,,-3.8,-2,0,0,0,,2,,
2014-11-28,-2.8,,-8.2,-5.5,0,0.4,0.4,0,23,,
2014-11-29,-0.8,,-8.3,-4.6,0,0,0,0,15,,
2014-11-30,6.8,,-0.9,3,0.6,0,0.6,,15,,
2014-12-01,6.2,,-8.7,-1.3,0.2,0,0.2,,28,,
2014-12-02,-3.2,,-14.9,-9.1,0,6.2,5.6,3,4,,
2014-12-03,3.3,,-3.2,0.1,5.4,0.6,6,2,24,,
2014-12-04,0.1,,-11.3,-5.6,0,0,0,0,29,,
2014-12-05,-4.6,,-13.1,-8.9,0,2.2,2.2,0,,,
2014-12-06,-1.1,,-6,-3.6,0,0.6,0.6,2,,,
2014-12-07,-4.9,,-12.9,-8.9,0,0,0,2,,,
2014-12-08,-2.3,,-13.9,-8.1,0,0,0,2,,,
2014-12-09,0.2,,-4.8,-2.3,0,6.8,6.8,2,1,,
2014-12-10,0.2,,-0.8,-0.3,0,20,20,5,,,
2014-12-11,0.4,,-3.2,-1.4,0.2,4.8,5,12,2,,
2014-12-12,-1.7,,-4.2,-3,0,2,2,13,24,,
2014-12-13,-1.6,,-5.9,-3.8,0,0,0,12,25,,
2014-12-14,-0.9,,-4.8,-2.9,0,0,0,12,26,,
2014-12-15,-0.1,,-1.9,-1,0,0,0,11,,,
2014-12-16,0.6,,-1.4,-0.4,0,0,0,11,,,
2014-12-17,0.6,,-0.2,0.2,2,0.2,2.2,10,,,
2014-12-18,0.4,,-2.4,-1,0,2,2,11,28,,
2014-12-19,-2.4,,-11.5,-7,0,0,0,10,,,
2014-12-20,-7.7,,-15.6,-11.7,0,0,0,10,,,
2014-12-21,-7.2,,-10.3,-8.8,0,0.2,0.2,10,,,
2014-12-22,-5.5,,-8.6,-7.1,0,0,0,10,5,,
2014-12-23,3.1,,-5.8,-1.4,2.6,3,5.6,11,,,
2014-12-24,6.2,,2.3,4.3,32,0,32,10,11,,
2014-12-25,7.8,,3.5,5.7,1,0,1,0,21,,
2014-12-26,4.5,,1.4,3,0,0,0,,25,,
2014-12-27,7.4,,0.9,4.2,0.2,0,0.2,,21,,
2014-12-28,8.3,,-3.3,2.5,0.8,0,0.8,,28,,
2014-12-29,-0.7,,-11.1,-5.9,,0,,,28,,
2014-12-30,-10.6,,-14.5,-12.6,0,0,0,,27,,
2014-12-31,-6.3,,-14.9,-10.6,0,0,0,,21,,
2015-01-01,-3,,-7.6,-5.3,0,1.8,1.8,0,22,,
2015-01-02,-3.4,,-14.2,-8.8,0,0,0,1,27,,
2015-01-03,-8.5,,-17.7,-13.1,0,17,17,1,3,,
2015-01-04,3,,-8.6,-2.8,26.8,0.4,27.2,8,26,,
2015-01-05,-5.3,,-17.9,-11.6,0,0,0,6,27,,
2015-01-06,-8.6,,-19.1,-13.9,0,2.2,2.2,6,22,,
2015-01-07,-9,,-26.4,-17.7,0,3.8,3.8,8,29,,
2015-01-08,-7.4,,-27.5,-17.5,0,2.2,2.2,10,18,,
2015-01-09,-6.1,,-14.6,-10.4,0,2.6,2.6,12,22,,
2015-01-10,-9,,-13.4,-11.2,0,0.4,0.4,7,22,,
2015-01-11,-4.2,,-12.2,-8.2,0,0,0,7,23,,
2015-01-12,-1.9,,-16.9,-9.4,0,4.2,4.2,7,34,,
2015-01-13,-17,,-23.1,-20.1,0,0,0,10,,,
2015-01-14,-14.4,,-23.3,-18.9,0,0,0,10,,,
2015-01-15,-4.7,,-20.8,-12.8,0,0.8,0.8,10,19,,
2015-01-16,-2.4,,-20.2,-11.3,0,1.4,1.4,11,28,,
2015-01-17,-14.9,,-23.9,-19.4,0,0,0,11,4,,
2015-01-18,2.7,,-15.2,-6.3,0,4.4,5,11,14,,
2015-01-19,1.4,,-13.6,-6.1,0,1,1,11,26,,
2015-01-20,-13.7,,-18.3,-16,0,0,0,11,26,,
2015-01-21,-10.6,,-20.8,-15.7,0,0,0,11,,,
2015-01-22,-9.3,,-18.1,-13.7,0,0,0,11,,,
2015-01-23,-0.2,,-12.3,-6.3,0,0,0,10,22,,
2015-01-24,-0.7,,-2.9,-1.8,0,0.4,0.4,10,22,,
2015-01-25,-1.6,,-17.8,-9.7,0,0,0,10,30,,
2015-01-26,-14.5,,-21.6,-18.1,0,0,0,10,2,,
2015-01-27,-9.6,,-16.2,-12.9,,,,10,,,
2015-01-28,-8.6,,-15.2,-11.9,0,0,0,10,,,
2015-01-29,-0.2,,-16.2,-8.2,0,3.4,3.4,10,13,,
2015-01-30,-2.1,,-18.6,-10.4,0,4.8,4.8,13,28,,
2015-01-31,-14.7,,-22.8,-18.8,0,0,0,14,26,,
2015-02-01,-14.2,,-20.2,-17.2,0,0,0,14,5,,
2015-02-02,-17.3,,-22.5,-19.9,0,6.8,6.8,14,3,,
2015-02-03,-8.5,,-24.4,-16.5,0,0.6,0.6,12,,,
2015-02-04,-3.7,,-9.5,-6.6,,7,6.4,13,,,
2015-02-05,-7.1,,-22.2,-14.7,0,0.2,0.2,17,27,,
2015-02-06,-9.9,,-24.3,-17.1,0,2.4,2.4,17,,,
2015-02-07,-12.5,,-17.8,-15.2,0,0.2,0.2,18,4,,
2015-02-08,-13.9,,-18.5,-16.2,0,8.6,8.6,18,4,,
2015-02-09,-11.7,,-15.6,-13.7,0,0.4,0.4,16,3,,
2015-02-10,-7.1,,-14.8,-11,0,0.2,0.2,18,2,,
2015-02-11,-11.1,,-17.4,-14.3,0,2.2,2.2,18,3,,
2015-02-12,-7.4,,-18.1,-12.8,0,5,5,22,28,,
2015-02-13,-18,,-23.7,-20.9,0,0,0,23,26,,
2015-02-14,-13.9,,-20.8,-17.4,0,1.2,1.2,23,2,,
2015-02-15,-13.9,,-21.9,-17.9,0,0,0,19,1,,
2015-02-16,-16.3,,-24.1,-20.2,0,0,0,19,23,,
2015-02-17,-13,,-24.2,-18.6,0,0,0,18,,,
2015-02-18,-7,,-21.6,-14.3,0,0.2,0.2,18,,,
2015-02-19,-8,,-18.5,-13.3,0,6,6,19,25,,
2015-02-20,-14.6,,-19.6,-17.1,0,1.6,1.6,16,23,,
2015-02-21,-7.6,,-17.5,-12.6,0,4,4,15,,,
2015-02-22,-3.6,,-11.6,-7.6,,1.2,1.2,19,28,,
2015-02-23,-11.1,,-24.6,-17.9,0,0,0,18,23,,
2015-02-24,-8.7,,-25.4,-17.1,0,0,0,16,13,,
2015-02-25,-4.6,,-17.6,-11.1,0,0.8,0.6,16,,,
2015-02-26,-12.7,,-21.5,-17.1,0,0,0,16,,,
2015-02-27,-9.5,,-21.8,-15.7,0,0,0,16,24,,
2015-02-28,-5.5,,-17,-11.3,0,0,0,15,23,,
2015-03-01,-3.4,,-17.3,-10.4,0,0.2,0.2,14,,,
2015-03-02,-2.4,,-11.9,-7.2,0,1,1,14,26,,
2015-03-03,-3.7,,-19.1,-11.4,0,6,6,15,15,,
2015-03-04,1.9,,-5.8,-2,0,0,0,18,24,,
2015-03-05,-5.8,,-18.6,-12.2,0,0.6,0.4,17,31,,
2015-03-06,-6.9,,-20.6,-13.8,0,0,0,17,23,,
2015-03-07,-2.3,,-13.3,-7.8,0,0.4,0.4,16,23,,
2015-03-08,-0.3,,-6.4,-3.4,0,0.8,0.8,17,27,,
2015-03-09,2.5,,-3.5,-0.5,0,1.8,1.8,19,22,,
2015-03-10,7.8,,-4.1,1.9,0,0,0,19,20,,
2015-03-11,7.8,,-0.3,3.8,0,0,0,11,32,,
2015-03-12,-0.3,,-8.8,-4.6,0,0,0,4,31,,
2015-03-13,-2,,-10,-6,0,0,0,1,,,
2015-03-14,0.3,,-3.3,-1.5,1,7.4,9,1,3,,
2015-03-15,0,,-8.1,-4.1,0,2,2,8,2,,
2015-03-16,2.3,,-11.4,-4.6,0,0,0,8,,,
2015-03-17,1.4,,-7.8,-3.2,0,1.8,1.8,4,31,,
2015-03-18,-5.1,,-11.8,-8.5,0,0,0,4,30,,
2015-03-19,-1.9,,-12.8,-7.4,0,0,0,4,28,,
2015-03-20,3.2,,-9.9,-3.4,0,0,0,3,13,,
2015-03-21,1.8,,-10.3,-4.3,0,3.8,7.4,3,27,,
2015-03-22,-8.9,,-15.4,-12.2,,,,5,,,
2015-03-23,-6.1,,-15.9,-11,0,0,0,,24,,
2015-03-24,-0.4,,-12.9,-6.7,0,0,0,3,,,
2015-03-25,6.9,,-8.7,-0.9,0.6,0,0.6,3,17,,
2015-03-26,5.3,,1,3.2,1.4,0,1.4,0,23,,
2015-03-27,2.2,,-5.5,-1.7,0.4,3.6,3.4,0,1,,
2015-03-28,-1.8,,-9.3,-5.6,0,0,0,3,36,,
2015-03-29,3.3,,-9.8,-3.3,0,0,0,0,24,,
2015-03-30,4,,-0.7,1.7,1,1,2,0,23,,
2015-03-31,2.2,,-4.9,-1.4,0,0,0,,32,,
2015-04-01,2,,-6.7,-2.4,0,0,0,0,24,,
2015-04-02,10.2,,-2.8,3.7,3,0,3,0,23,,
2015-04-03,12.8,,5.2,9,4.2,0,4.2,0,25,,
2015-04-04,5.4,,-4.5,0.5,4.6,4.4,9.4,2,35,,
2015-04-05,0.9,,-5.2,-2.2,0,0,0,2,26,,
2015-04-06,2.8,,-6.2,-1.7,0,0.6,0.6,0,21,,
2015-04-07,5.6,,-3.9,0.9,0,0,0,0,2,,
2015-04-08,6.2,,-3.4,1.4,0,3.2,3.2,0,12,,
2015-04-09,6.9,,0.2,3.6,6.6,0,6.6,1,13,,
2015-04-10,11.5,,3.1,7.3,12,0,12,,22,,
2015-04-11,8.4,,2.6,5.5,0,0,0,,23,,
2015-04-12,16.8,,2.3,9.6,0,0,0,,23,,
2015-04-13,22,,2.2,12.1,4,0,4,,24,,
2015-04-14,16.8,,5.4,11.1,0,0,0,,26,,
2015-04-15,14.3,,1.5,7.9,0,0,0,,2,,
2015-04-16,16.3,,-0.4,8,0,0,0,,24,,
2015-04-17,20.4,,6.2,13.3,0,0,0,,21,,
2015-04-18,10.1,,2.3,6.2,0,0,0,,31,,
2015-04-19,12.2,,0.6,6.4,0,0,0,,7,,
2015-04-20,10,,5.1,7.6,12.4,0,12.4,,11,,
2015-04-21,12.1,,4.6,8.4,17.6,0,17.6,,22,,
2015-04-22,9.6,,4.1,6.9,3,0,3,,20,,
2015-04-23,6.4,,1.7,4.1,2.2,0,2.2,,24,,
2015-04-24,4.2,,0.7,2.5,0,0,0,0,26,,
2015-04-25,12.1,,0.6,6.4,0,0,0,,23,,
2015-04-26,12.4,,3.2,7.8,0,0,0,,1,,
2015-04-27,14.9,,5.1,10,0.8,0,0.8,,4,,
2015-04-28,19.7,,3.7,11.7,0,0,0,,33,,
2015-04-29,17,,5.9,11.5,0,0,0,,8,,
2015-04-30,16.8,,5.8,11.3,0,0,0,,2,,
2015-05-01,19.3,,7.6,13.5,0,0,0,,,,
2015-05-02,23.6,,7.3,15.5,0,0,0,,28,,
2015-05-03,25.1,,10.4,17.8,0,0,0,,21,,
2015-05-04,28.3,,13.1,20.7,1.6,0,1.6,,23,,
2015-05-05,20.5,,9.3,14.9,0,0,0,,24,,
2015-05-06,24.7,,7.3,16,0,0,0,,26,,
2015-05-07,26.8,,11.6,19.2,0,0,0,,22,,
2015-05-08,29.5,,12.4,21,0,0,0,,,,
2015-05-09,28.1,,12.8,20.5,9.8,0,9.8,,31,,
2015-05-10,25.2,,13.4,19.3,1.4,0,1.4,,24,,
2015-05-11,13.9,,7.8,10.9,17.6,0,17.6,,3,,
2015-05-12,23.3,,8.4,15.9,,0,,,22,,
2015-05-13,17.1,,7,12.1,0,0,0,,29,,
2015-05-14,18.6,,5.8,12.2,0,0,0,,21,,
2015-05-15,21.4,,7.1,14.3,0,0,0,,,,
2015-05-16,20.7,,14.7,17.7,0,0,0,,,,
2015-05-17,24,,14.5,19.3,0,0,0,,,,
2015-05-18,29.3,,11.8,20.6,9.4,0,9.4,,21,,
2015-05-19,26.7,,12.1,19.4,0,0,0,,22,,
2015-05-20,15.6,,6.8,11.2,0,0,0,,27,,
2015-05-21,19.8,,8,13.9,0,0,0,,21,,
2015-05-22,13.4,,3.7,8.6,0.4,0,0.4,,29,,
2015-05-23,17.2,,2.7,10,0,0,0,,22,,
2015-05-24,25.7,,12.7,19.2,0,0,0,,24,,
2015-05-25,20.9,,15.6,18.3,24.8,0,24.8,,23,,
2015-05-26,28.7,,15,21.9,0,0,0,,21,,
2015-05-27,28.3,,20.9,24.6,0,0,0,,23,,
2015-05-28,22.3,,12,17.2,6,0,6,,23,,
2015-05-29,25.4,,10.3,17.9,0,0,0,,,,
2015-05-30,30.5,,11.1,20.8,4.2,0,4.2,,23,,
2015-05-31,14.5,,8.2,11.4,2,0,2,,35,,
2015-06-01,14,,9.1,11.6,2.8,0,2.8,,8,,
2015-06-02,13.3,,6.5,9.9,2,0,2,,2,,
2015-06-03,17.9,,4.3,11.1,0,0,0,,,,
2015-06-04,24.5,,8.1,16.3,0,0,0,,,,
2015-06-05,24.6,,14,19.3,8.6,0,8.6,,36,,
2015-06-06,19.8,,8.9,14.4,0,0,0,,36,,
2015-06-07,21.9,,7.4,14.7,0,0,0,,14,,
2015-06-08,22,,14.4,18.2,27.8,0,27.8,,15,,
2015-06-09,22.4,,15.7,19.1,8.8,0,8.8,,,,
2015-06-10,24,,15.6,19.8,4,0,4,,22,,
2015-06-11,23,,16.3,19.7,0,0,0,,27,,
2015-06-12,21.1,,13.8,17.5,11.4,0,11.4,,22,,
2015-06-13,26.6,,12.5,19.6,0,0,0,,29,,
2015-06-14,23.8,,12.4,18.1,0,0,0,,,,
2015-06-15,22.1,,16.5,19.3,0.6,0,0.6,,15,,
2015-06-16,22.8,,14,18.4,25.6,0,25.6,,1,,
2015-06-17,21.9,,10.4,16.2,0,0,0,,,,
2015-06-18,27.1,,14.9,21,4.2,0,4.2,,26,,
2015-06-19,20.5,,11.8,16.2,0,0,0,,36,,
2015-06-20,24.5,,9.8,17.2,0,0,0,,,,
2015-06-21,24.7,,18.8,21.8,19.6,0,19.6,,3,,
2015-06-22,26.6,,17.2,21.9,6.2,0,6.2,,,,
2015-06-23,27.1,,17.3,22.2,2.4,0,2.4,,27,,
2015-06-24,24.2,,13.6,18.9,3,0,3,,24,,
2015-06-25,22.4,,11.3,16.9,0,0,0,,27,,
2015-06-26,24.1,,11.9,18,0,0,0,,1,,
2015-06-27,24.2,,12.9,18.6,0,0,0,,,,
2015-06-28,19.7,,12.7,16.2,12.6,0,12.6,,7,,
2015-06-29,19.2,,12.2,15.7,0,0,0,,22,,
2015-06-30,25.3,,13.7,19.5,,0,,,18,,
2015-07-01,23,,15.3,19.2,9.8,0,9.8,,24,,
2015-07-02,23.1,,13.3,18.2,0,0,0,,24,,
2015-07-03,24.6,,12.7,18.7,0,0,0,,22,,
2015-07-04,24.8,,14.1,19.5,0,0,0,,,,
2015-07-05,26.9,,16.3,21.6,0,0,0,,27,,
2015-07-06,28.1,,16.4,22.3,0,0,0,,,,
2015-07-07,30.2,,20.4,25.3,1.6,0,1.6,,22,,
2015-07-08,23.3,,15.2,19.3,0.8,0,0.8,,30,,
2015-07-09,23.3,,15.3,19.3,0,0,0,,,,
2015-07-10,28.7,,16,22.4,0,0,0,,29,,
2015-07-11,28.6,,17.8,23.2,0,0,0,,23,,
2015-07-12,29.5,,20.4,25,0,0,0,,,,
2015-07-13,30.1,,20,25.1,0,0,0,,,,
2015-07-14,28.2,,15.6,21.9,0,0,0,,1,,
2015-07-15,23.3,,12.9,18.1,0,0,0,,1,,
2015-07-16,23.4,,10.4,16.9,0,0,0,,,,
2015-07-17,24.3,,13.6,19,5.8,0,5.8,,14,,
2015-07-18,25.5,,18.1,21.8,2,0,2,,,,
2015-07-19,28.7,,20.1,24.4,35.8,0,35.8,,,,
2015-07-20,27.6,,19.4,23.5,0,0,0,,23,,
2015-07-21,25.1,,14.8,20,30.2,0,30.2,,29,,
2015-07-22,22.2,,14.6,18.4,0,0,0,,29,,
2015-07-23,24.9,,16,20.5,1.2,0,1.2,,30,,
2015-07-24,24,,16.4,20.2,1.4,0,1.4,,,,
2015-07-25,26.2,,14.2,20.2,4,0,4,,,,
2015-07-26,27.3,,19.1,23.2,0,0,0,,,,
2015-07-27,29.6,,19.4,24.5,1.4,0,1.4,,36,,
2015-07-28,30.9,,17.8,24.4,0,0,0,,22,,
2015-07-29,31.7,,21.8,26.8,0,0,0,,,,
2015-07-30,28.7,,21.4,25.1,4.6,0,4.6,,24,,
2015-07-31,26.7,,18.7,22.7,0,0,0,,29,,
2015-08-01,25.8,,16,20.9,7.4,0,7.4,,22,,
2015-08-02,27,,14.9,21,0,0,0,,21,,
2015-08-03,26,,18.7,22.4,1,0,1,,21,,
2015-08-04,25.7,,17.5,21.6,3.2,0,3.2,,23,,
2015-08-05,24,,15.9,20,0,0,0,,26,,
2015-08-06,22.7,,14.1,18.4,0,0,0,,26,,
2015-08-07,22.2,,12,17.1,0,0,0,,,,
2015-08-08,23.6,,12.7,18.2,,,0,,,,M
2015-08-09,25.9,,15.3,20.6,0,0,0,,,,
2015-08-10,27.4,,15.3,21.4,26.4,0,26.4,,16,,
2015-08-11,21.1,,17.6,19.4,47.2,0,47.2,,14,,
2015-08-12,23.7,,16.3,20,1.8,0,1.8,,27,,
2015-08-13,23.1,,16.3,19.7,,0,,,24,,
2015-08-14,24.6,,15.7,20.2,4.2,0,4.2,,25,,
2015-08-15,27.7,,19.3,23.5,0.4,0,0.4,,,,
2015-08-16,28.7,,20.2,24.5,0,0,0,,,,
2015-08-17,30.7,,20,25.4,0,0,0,,23,,
2015-08-18,30.9,,21.6,26.3,5,0,5,,17,,
2015-08-19,31.2,,20.6,25.9,0,0,0,,16,,
2015-08-20,30.5,,19.2,24.9,8.6,0,8.6,,15,,
2015-08-21,26.1,,17.4,21.8,5.8,0,5.8,,23,,
2015-08-22,24.9,,15.5,20.2,0,0,0,,,,
2015-08-23,27.7,,16,21.9,0,0,0,,,,
2015-08-24,28.5,,18.7,23.6,0,0,0,,25,,
2015-08-25,25.9,,14.9,20.4,1.2,0,1.2,,28,,
2015-08-26,22.7,,15.9,19.3,0.2,0,0.2,,22,,
2015-08-27,22.9,,14.6,18.8,0,0,0,,26,,
2015-08-28,23,,13.7,18.4,0,0,0,,24,,
2015-08-29,23.8,,14.5,19.2,0,0,0,,24,,
2015-08-30,25.8,,17.7,21.8,0,0,0,,27,,
2015-08-31,25.4,,16.5,21,0,0,0,,29,,
2015-09-01,27.2,,14.2,20.7,0,0,0,,,,
2015-09-02,25.8,,19.4,22.6,0,0,0,,23,,
2015-09-03,28.1,,16.2,22.2,0,0,0,,3,,
2015-09-04,26.1,,12.6,19.4,0,0,0,,5,,
2015-09-05,28.7,,12.4,20.6,0,0,0,,,,
2015-09-06,30.8,,18.4,24.6,0,0,0,,22,,
2015-09-07,32.2,,21.9,27.1,16,0,16,,31,,
2015-09-08,28,,20.9,24.5,0,0,0,,,,
2015-09-09,27.9,,16.9,22.4,0.2,0,0.2,,23,,
2015-09-10,24.2,,15.6,19.9,0,0,0,,,,
2015-09-11,24.7,,13.8,19.3,0,0,0,,,,
2015-09-12,19.2,,14.6,16.9,13.6,0,13.6,,3,,
2015-09-13,20.8,,14.6,17.7,31.6,0,31.6,,16,,
2015-09-14,20.9,,14.4,17.7,6.4,0,6.4,,28,,
2015-09-15,26,,14,20,0,0,0,,24,,
2015-09-16,27.7,,15.4,21.6,0,0,0,,22,,
2015-09-17,27.9,,16.6,22.3,0,0,0,,23,,
2015-09-18,28.4,,16,22.2,0,0,0,,21,,
2015-09-19,28.3,,14,21.2,11.6,0,11.6,,22,,
2015-09-20,18.2,,9.4,13.8,0,0,0,,27,,
2015-09-21,20.9,,7.4,14.2,0,0,0,,,,
2015-09-22,22.7,,10.6,16.7,0,0,0,,,,
2015-09-23,23.9,,12.1,18,0,0,0,,25,,
2015-09-24,19.2,,10.1,14.7,0,0,0,,3,,
2015-09-25,15.3,,6.8,11.1,0,0,0,,2,,
2015-09-26,17.7,,5.3,11.5,0,0,0,,,,
2015-09-27,23.1,,5.9,14.5,0,0,0,,23,,
2015-09-28,21.4,,14.4,17.9,3,0,3,,22,,
2015-09-29,25,,13.2,19.1,30,0,30,,30,,
2015-09-30,13.3,,6.3,9.8,5.2,0,5.2,,2,,
2015-10-01,14.4,,4.2,9.3,0,0,0,,2,,
2015-10-02,13,,4,8.5,0,0,0,,4,,
2015-10-03,13.2,,2.9,8.1,0,0,0,,4,,
2015-10-04,15.3,,2.9,9.1,0,0,0,,,,
2015-10-05,15.6,,4.5,10.1,0,0,0,,,,
2015-10-06,15.4,,10.9,13.2,0,0,0,,25,,
2015-10-07,19,,7,13,0,0,0,,26,,
2015-10-08,12.1,,3.9,8,,0,,,,,
2015-10-09,8.7,,4.7,6.7,7.2,0,7.2,,2,,
2015-10-10,10,,2.6,6.3,0,0,0,,21,,
2015-10-11,17.9,,7.6,12.8,,0,,,24,,
2015-10-12,23.5,,12.1,17.8,0,0,0,,22,,
2015-10-13,17.9,,12.1,15,3.2,0,3.2,,23,,
2015-10-14,14.4,,2.9,8.7,0,0,0,,27,,
2015-10-15,13.7,,2.4,8.1,14.2,0,14.2,,22,,
2015-10-16,11.5,,4.9,8.2,8.2,0,8.2,,24,,
2015-10-17,6.2,,-2,2.1,5,1,6,,29,,
2015-10-18,4.7,,-4.3,0.2,0,0,0,,28,,
2015-10-19,9.4,,-4.9,2.3,0.6,0,0.6,,21,,
2015-10-20,17.5,,6.9,12.2,0,0,0,,22,,
2015-10-21,10.1,,0.5,5.3,0,0,0,,,,
2015-10-22,16.9,,3.4,10.2,3.2,0,3.2,,28,,
2015-10-23,8.2,,-0.4,3.9,0,0,0,,34,,
2015-10-24,10.2,,0.3,5.3,9,0,9,,15,,
2015-10-25,12.7,,5,8.9,9,0,9,,28,,
2015-10-26,7.2,,-0.8,3.2,0,0,0,,26,,
2015-10-27,10.6,,-3.2,3.7,0,0,0,,,,
2015-10-28,10.8,,-0.3,5.3,31.2,0,31.2,,10,,
2015-10-29,14.8,,6.9,10.9,8.6,0,8.6,,23,,
2015-10-30,8.4,,-1.2,3.6,0.8,0,0.8,,24,,
2015-10-31,8.1,,-3.2,2.5,0,0,0,,,,
2015-11-01,12.9,,5.5,9.2,6.2,0,6.2,,24,,
2015-11-02,10.8,,5.2,8,0.4,0,0.4,,26,,
2015-11-03,15.5,,4.7,10.1,0.2,0,0.2,,26,,
2015-11-04,13.5,,1.4,7.5,0,0,0,,,,
2015-11-05,17.1,,4.3,10.7,0,0,0,,,,
2015-11-06,19.5,,9.8,14.7,1,0,1,,22,,
2015-11-07,10.6,,2.9,6.8,0,0,0,,26,,
2015-11-08,7.4,,-1.2,3.1,0,0,0,,24,,
2015-11-09,11.9,,1.7,6.8,0,0,0,,25,,
2015-11-10,12.8,,-0.1,6.4,0,0,0,,3,,
2015-11-11,10.8,,4,7.4,0.2,0,0.2,,,,
2015-11-12,11.9,,6.3,9.1,15.6,0,15.6,,23,,
2015-11-13,9.4,,0.9,5.2,,0,,,24,,
2015-11-14,4.1,,-0.2,2,0,0,0,0,26,,
2015-11-15,7.5,,0.5,4,0,0,0,,25,,
2015-11-16,7.6,,-3.2,2.2,0,0,0,,1,,
2015-11-17,4.6,,-4.7,-0.1,0,0,0,,,,
2015-11-18,9.4,,-4.5,2.5,0,0,0,,15,,
2015-11-19,13.9,,9.2,11.6,8.6,0,8.6,,14,,
2015-11-20,11,,0,5.5,0,0,0,,24,,
2015-11-21,5.3,,-2,1.7,0,0,0,,13,,
2015-11-22,7.7,,-3.2,2.3,0.4,0,0.4,,22,,
2015-11-23,0.5,,-6.2,-2.9,0,0,0,,27,,
2015-11-24,-2.7,,-7.1,-4.9,0,1.8,1.8,1,,,
2015-11-25,4.5,,-8.5,-2,0,0,0,,15,,
2015-11-26,9.8,,3.6,6.7,0.2,0,0.2,,15,,
2015-11-27,14.7,,0.5,7.6,13.6,0.4,14,,22,,
2015-11-28,1.2,,-4.2,-1.5,0,0,0,,,,
2015-11-29,0.3,,-6.9,-3.3,0,0,0,,3,,
2015-11-30,-2.9,,-10.1,-6.5,0,0,0,,,,
2015-12-01,4.1,,-7.3,-1.6,5.6,0,5.6,,,,
2015-12-02,4.2,,1.5,2.9,11.2,0,11.2,,,,
2015-12-03,5.8,,-0.6,2.6,1.6,0,1.6,,28,,
2015-12-04,5.7,,0.1,2.9,0,0.2,0.2,,26,,
2015-12-05,6.3,,2.2,4.3,0,0,0,,23,,
2015-12-06,5.8,,-0.7,2.6,0,0,0,,23,,
2015-12-07,4.1,,-2,1.1,,,,,,,
2015-12-08,3.9,,-0.4,1.8,0,0,0,,,,
2015-12-09,7.2,,0.1,3.7,0,0,0,,15,,
2015-12-10,9.9,,5.7,7.8,,0,,,23,,
2015-12-11,14,,6.4,10.2,0,0,0,,25,,
2015-12-12,9.6,,2,5.8,0,0,0,,24,,
2015-12-13,3.4,,-0.7,1.4,2.4,0,2.4,,5,,
2015-12-14,3.6,,0.9,2.3,7.6,0,7.6,,4,,
2015-12-15,4.4,,0.1,2.3,5.6,0,5.6,,2,,
2015-12-16,1.6,,-0.4,0.6,0,0,0,,,,
2015-12-17,7.6,,-1.3,3.2,13,0,13,,14,,
2015-12-18,7,,1.1,4.1,0,0,0,,28,,
2015-12-19,1.5,,-4.8,-1.7,0,0,0,0,24,,
2015-12-20,0,,-6.1,-3.1,0,0,0,0,27,,
2015-12-21,4,,-1.5,1.3,9.4,0,9.4,0,15,,
2015-12-22,4.6,,1,2.8,4.2,0,4.2,,,,
2015-12-23,10.7,,1.6,6.2,6.6,0,6.6,,3,,
2015-12-24,16.9,,5.2,11.1,2.2,0,2.2,,24,,
2015-12-25,7.6,,1,4.3,0,0,0,,,,
2015-12-26,3.9,,-2.2,0.9,0,0,0,0,3,,
2015-12-27,1.9,,-4.1,-1.1,4.2,2.6,13.4,1,3,,
2015-12-28,-4.1,,-10.9,-7.5,0,0,0,2,30,,
2015-12-29,-7.5,,-12.1,-9.8,0,39.2,39.2,7,,,
2015-12-30,-5.1,,-9.2,-7.2,0.2,5.6,3.4,16,,,
2015-12-31,-0.4,,-5.2,-2.8,0,0.4,0.4,19,26,,
2016-01-01,0,,-4,-2,0,1.2,0.4,18,26,,
2016-01-02,0.4,,-4.5,-2.1,0,1,1,18,23,,
2016-01-03,0.2,,-14.4,-7.1,0.2,4.8,5.4,17,36,,
2016-01-04,-12.9,,-20.1,-16.5,0,0,0,16,34,,
2016-01-05,-6.3,,-21.2,-13.8,0,0,0,15,23,,
2016-01-06,-0.3,,-11.3,-5.8,0,0,0,15,23,,
2016-01-07,-0.4,,-8.7,-4.6,0,0,0,15,,,
2016-01-08,2.7,,-8.6,-3,0,0,0,15,10,,
2016-01-09,4.3,,1.6,3,2.6,0.8,3.4,15,15,,
2016-01-10,7.7,,-0.9,3.4,9.2,0,9.2,7,23,,
2016-01-11,-0.9,,-11.7,-6.3,0,0,0,2,23,,
2016-01-12,-3,,-11.4,-7.2,0,4.8,3.2,2,14,,
2016-01-13,-4.1,,-14,-9.1,0,0,0,3,25,,
2016-01-14,-9.7,,-14.7,-12.2,0.2,1.6,0.8,3,,,
2016-01-15,-8.3,,-13.8,-11.1,,0,,3,3,,
2016-01-16,-1.8,,-9,-5.4,0,1,1,3,27,,
2016-01-17,-4.7,,-11.4,-8.1,0,0.2,0.2,3,26,,
2016-01-18,-7.4,,-14.7,-11.1,0,7.6,6.6,8,26,,
2016-01-19,-9.1,,-16.4,-12.8,0,0.4,0.4,3,26,,
2016-01-20,-4.4,,-12.2,-8.3,0,0,0,3,27,,
2016-01-21,-6.8,,-15.5,-11.2,0,0,0,3,26,,
2016-01-22,-3.2,,-10.4,-6.8,0,0,0,3,,,
2016-01-23,-8.8,,-13.8,-11.3,0,0,0,2,3,,
2016-01-24,-6.5,,-16.8,-11.7,0,0,0,2,26,,
2016-01-25,-0.5,,-6.6,-3.6,0,0.2,0.2,2,,,
2016-01-26,5.5,,-1.9,1.8,2.4,2,4.6,2,24,,
2016-01-27,1.8,,-6.9,-2.6,0,0,0,0,29,,
2016-01-28,1.2,,-7.4,-3.1,0,1,0.6,0,16,,
2016-01-29,1,,-7.5,-3.3,0,0.8,0.8,1,23,,
2016-01-30,-0.9,,-9.1,-5,0,0,0,1,23,,
2016-01-31,5.8,,-6.5,-0.4,2,0,2,0,,,
2016-02-01,8.6,,0.2,4.4,0.2,0,0.2,1,24,,
2016-02-02,0.2,,-6.2,-3,0,0,0,0,,,
2016-02-03,8.2,,-5.2,1.5,15.2,4.4,20.4,4,15,,
2016-02-04,7.9,,-0.2,3.9,0,0,0,,23,,
2016-02-05,-0.1,,-5.9,-3,0,0,0,,27,,
2016-02-06,1.2,,-4.5,-1.7,0,3,2.4,2,22,,
2016-02-07,0.9,,-8.8,-4,0,0.2,0.2,3,4,,
2016-02-08,-5.8,,-9.1,-7.5,0,0.2,0.2,2,4,,
2016-02-09,-5.6,,-8.3,-7,0,2.4,1.8,0,6,,
2016-02-10,-4.7,,-8.9,-6.8,0,1.8,1.8,2,26,,
2016-02-11,-8.2,,-17.8,-13,0,0.6,0.6,3,24,,
2016-02-12,-6.2,,-19.8,-13,0,5,3.8,3,21,,
2016-02-13,-11,,-26.5,-18.8,0,0,0,3,26,,
2016-02-14,-19.7,,-27.6,-23.7,0,0,0,3,24,,
2016-02-15,-5.2,,-23.2,-14.2,0,0,0,3,12,,
2016-02-16,0.6,,-7.8,-3.6,13,13.2,26.8,6,23,,
2016-02-17,-0.7,,-10.8,-5.8,0,0.2,0.2,6,28,,
2016-02-18,,M,-15.4,,,,,7,,,M
2016-02-19,1.2,,-15.6,-7.2,0,3,3,7,15,,
2016-02-20,4.2,,-0.2,2,3.8,2.8,6.8,10,14,,
2016-02-21,3,,-9.4,-3.2,0,0.2,0.4,2,30,,
2016-02-22,-7.5,,-13.8,-10.7,,0,,0,3,,
2016-02-23,-5.4,,-13.6,-9.5,0,0,0,0,,,
2016-02-24,0.5,,-5.5,-2.5,19.8,8.2,31,0,6,,
2016-02-25,1.5,,-4,-1.3,1.2,0.4,1.6,4,29,,
2016-02-26,-4,,-12.7,-8.4,0,0,0,3,27,,
2016-02-27,3,,-11.2,-4.1,0,0,0,3,22,,
2016-02-28,2.3,,-8.7,-3.2,0.2,4.6,4.2,4,5,,
2016-02-29,1.7,,-9.8,-4.1,7.4,0.8,8.2,6,23,,
2016-03-01,-9.1,,-14.7,-11.9,0,0.6,0.6,6,4,,
2016-03-02,-7.6,,-14.3,-11,0,8.4,11.4,8,4,,
2016-03-03,-11.5,,-18.8,-15.2,0,0,0,8,29,,
2016-03-04,-4.8,,-18,-11.4,0,0,0,8,,,
2016-03-05,-2.4,,-15.6,-9,0,0,0,8,,,
2016-03-06,2.1,,-7.4,-2.7,0,0,0,5,21,,
2016-03-07,3.8,,-0.6,1.6,0.4,6.4,8.2,4,19,,
2016-03-08,3.9,,0.8,2.4,0,0,0,3,,,
2016-03-09,11.4,,0.1,5.8,0.4,0,0.4,2,25,,
2016-03-10,8,,1.8,4.9,0,0,0,0,3,,
2016-03-11,5.7,,-0.7,2.5,0.2,0,0.2,0,27,,
2016-03-12,10.3,,-1.6,4.4,0,0,0,0,25,,
2016-03-13,8.1,,0.2,4.2,0,0,0,0,27,,
2016-03-14,5.5,,-2.1,1.7,3.6,0,3.6,0,11,,
2016-03-15,9.6,,2.7,6.2,3,0,3,0,12,,
2016-03-16,8.3,,2.9,5.6,6.4,0,6.4,,6,,
2016-03-17,11.8,,1,6.4,4,0,4,,23,,
2016-03-18,3.2,,-4.8,-0.8,0,1.6,2,2,29,,
2016-03-19,0,,-8.3,-4.2,0,0,0,,26,,
2016-03-20,1.2,,-8.8,-3.8,0,0,0,,,,
2016-03-21,5.4,,-7.4,-1,0,0,0,,30,,
2016-03-22,5.1,,-6.1,-0.5,0,2,2.8,2,26,,
2016-03-23,2.7,,-2.8,-0.1,0,1,1.4,3,,,
2016-03-24,-1.8,,-6.1,-4,0,4.8,7.4,0,3,,
2016-03-25,1.2,,-1.8,-0.3,5,0,5,3,2,,
2016-03-26,4.4,,-3.7,0.4,0,0,0,1,,,
2016-03-27,14,,-4.1,5,0,0,0,0,,,
2016-03-28,7.9,,2.3,5.1,21,0,21,,14,,
2016-03-29,6.6,,-1.2,2.7,0.8,0,0.8,,31,,
2016-03-30,10.2,,-2,4.1,0.2,0,0.2,,22,,
2016-03-31,16.5,,5.7,11.1,28,0,28,,18,,
2016-04-01,16.4,,3.2,9.8,2.4,0,2.4,,26,,
2016-04-02,9,,-3.1,3,2.2,0,2.2,,27,,
2016-04-03,-3,,-9.3,-6.2,0,0,0,,28,,
2016-04-04,-2.8,,-10,-6.4,0,0,0,,4,,
2016-04-05,-0.2,,-9.2,-4.7,0,0,0,,26,,
2016-04-06,3.8,,-5.3,-0.8,0,10.6,10.4,4,15,,
2016-04-07,4.3,,0.2,2.3,43.4,1.4,45.4,4,22,,
2016-04-08,3.9,,-3.7,0.1,2,0.2,2.2,0,23,,
2016-04-09,1.7,,-6,-2.2,0,0,0,0,34,,
2016-04-10,2.1,,-6.9,-2.4,0,0,0,,22,,
2016-04-11,7.4,,-1.4,3,14.4,2.8,17.6,2,15,,
2016-04-12,8.5,,-0.2,4.2,0.6,0,0.6,,27,,
2016-04-13,6.3,,-1.9,2.2,0,0,0,,,,
2016-04-14,9.6,,-2,3.8,0,0,0,,,,
2016-04-15,13.2,,-0.6,6.3,0,0,0,,5,,
2016-04-16,15,,1.2,8.1,0,0,0,,6,,
2016-04-17,22,,2.6,12.3,0,0,0,,,,
2016-04-18,11.7,,4.8,8.3,12.2,0,12.2,,4,,
2016-04-19,14.2,,2.4,8.3,0,0,0,,30,,
2016-04-20,12.5,,0.2,6.4,0,0,0,,,,
2016-04-21,21.5,,2.3,11.9,0.2,0,0.2,,,,
2016-04-22,16.5,,6.1,11.3,8.2,0,8.2,,32,,
2016-04-23,12.5,,2.1,7.3,0,0,0,,29,,
2016-04-24,11.3,,-0.6,5.4,0,0,0,,26,,
2016-04-25,9.8,,-0.1,4.9,0,0,0,,2,,
2016-04-26,8.4,,0.4,4.4,0,0,0,,4,,
2016-04-27,7.1,,-1.3,2.9,0,0,0,,25,,
2016-04-28,6.9,,-1.2,2.9,0,0,0,,,,
2016-04-29,11.6,,-1.6,5,0,0,0,,36,,
2016-04-30,15.1,,1.2,8.2,0,0,0,,,,
2016-05-01,10.3,,4.7,7.5,9.6,0,9.6,,,,
2016-05-02,8.8,,4.4,6.6,1.4,0,1.4,,,,
2016-05-03,13.8,,1.4,7.6,0,0,0,,16,,
2016-05-04,14,,3.7,8.9,0,0,0,,4,,
2016-05-05,17.2,,5.4,11.3,0,0,0,,3,,
2016-05-06,21,,6.4,13.7,0,0,0,,5,,
2016-05-07,22.4,,13.2,17.8,1.4,0,1.4,,16,,
2016-05-08,13.2,,2.1,7.7,7.8,0,7.8,,28,,
2016-05-09,11.5,,1.1,6.3,0,0,0,,25,,
2016-05-10,19.2,,6.1,12.7,0,0,0,,23,,
2016-05-11,20.7,,4.6,12.7,0,0,0,,,,
2016-05-12,25.2,,9.2,17.2,0,0,0,,,,
2016-05-13,21.2,,12.9,17.1,4.4,0,4.4,,25,,
2016-05-14,21.4,,8.3,14.9,5.4,0,5.4,,22,,
2016-05-15,10.1,,2,6.1,0.6,0,0.6,,27,,
2016-05-16,9.6,,2.8,6.2,0,0,0,,30,,
2016-05-17,14.5,,3.7,9.1,0.2,0,0.2,,31,,
2016-05-18,17.8,,5.2,11.5,0,0,0,,,,
2016-05-19,20.2,,7.8,14,0.2,0,0.2,,35,,
2016-05-20,23.7,,8.3,16,0,0,0,,20,,
2016-05-21,24.8,,11.2,18,0,0,0,,,,
2016-05-22,25.7,,11.4,18.6,0,0,0,,5,,
2016-05-23,26.5,,11.2,18.9,0,0,0,,,,
2016-05-24,29,,11.6,20.3,0,0,0,,,,
2016-05-25,26.3,,12.9,19.6,0,0,0,,24,,
2016-05-26,24.5,,11.7,18.1,0,0,0,,,,
2016-05-27,31.7,,13.9,22.8,1.2,0,1.2,,21,,
2016-05-28,28.4,,16.1,22.3,0,0,0,,4,,
2016-05-29,27.9,,15.8,21.9,1.4,0,1.4,,3,,
2016-05-30,29.4,,19.1,24.3,0,0,0,,22,,
2016-05-31,25.4,,15.4,20.4,0,0,0,,26,,
2016-06-01,24.8,,13.4,19.1,0,0,0,,3,,
2016-06-02,22.1,,18.3,20.2,6.4,0,6.4,,14,,
2016-06-03,26.4,,16.7,21.6,0,0,0,,25,,
2016-06-04,26.6,,14.1,20.4,0,0,0,,,,
2016-06-05,19.4,,15,17.2,32,0,32,,11,,
2016-06-06,23.1,,17,20.1,1,0,1,,23,,
2016-06-07,22.5,,12.7,17.6,1.2,0,1.2,,24,,
2016-06-08,13.9,,8.7,11.3,1,0,1,,27,,
2016-06-09,14.1,,7.9,11,0.2,0,0.2,,29,,
2016-06-10,20.8,,8.1,14.5,0,0,0,,24,,
2016-06-11,16.1,,11.2,13.7,0,0,0,,10,,
2016-06-12,16,,10.3,13.2,0,0,0,,30,,
2016-06-13,20.8,,9.7,15.3,4.6,0,4.6,,3,,
2016-06-14,25.9,,9.3,17.6,0,0,0,,26,,
2016-06-15,27.7,,12.5,20.1,0,0,0,,20,,
2016-06-16,26.3,,12.4,19.4,0,0,0,,4,,
2016-06-17,28.3,,12.1,20.2,0,0,0,,9,,
2016-06-18,30.6,,13.2,21.9,0,0,0,,20,,
2016-06-19,31.5,,18.9,25.2,0,0,0,,23,,
2016-06-20,32.9,,20.4,26.7,0,0,0,,23,,
2016-06-21,24.6,,16.9,20.8,0,0,0,,27,,
2016-06-22,21.8,,13.6,17.7,7.6,0,7.6,,26,,
2016-06-23,24.7,,13.4,19.1,0.2,0,0.2,,27,,
2016-06-24,25.7,,11.5,18.6,0,0,0,,,,
2016-06-25,30.2,,15.7,23,0,0,0,,,,
2016-06-26,32.5,,17.3,24.9,0,0,0,,22,,
2016-06-27,28,,20.6,24.3,2.8,0,2.8,,21,,
2016-06-28,27.8,,18,22.9,8.8,0,8.8,,14,,
2016-06-29,23,,15,19,1.4,0,1.4,,27,,
2016-06-30,28.3,,14.6,21.5,0,0,0,,22,,
2016-07-01,27.4,,15.1,21.3,4.6,0,4.6,,20,,
2016-07-02,20.5,,13.2,16.9,0,0,0,,27,,
2016-07-03,27.2,,12.7,20,2,0,2,,26,,
2016-07-04,29.1,,16,22.6,0,0,0,,22,,
2016-07-05,30.2,,16.5,23.4,0,0,0,,22,,
2016-07-06,31.3,,18.8,25.1,0,0,0,,23,,
2016-07-07,25.6,,16.6,21.1,0.2,0,0.2,,1,,
2016-07-08,23.1,,16.1,19.6,0,0,0,,4,,
2016-07-09,19.3,,16.5,17.9,16,0,16,,3,,
2016-07-10,19.1,,12.3,15.7,0.6,0,0.6,,3,,
2016-07-11,27.9,,11.8,19.9,0,0,0,,21,,
2016-07-12,29,,17.6,23.3,0,0,0,,,,
2016-07-13,33.7,,20.1,26.9,0,0,0,,22,,
2016-07-14,29.3,,20,24.7,7.2,0,7.2,,25,,
2016-07-15,29,,19,24,1,0,1,,28,,
2016-07-16,24.4,,15.9,20.2,0,0,0,,,,
2016-07-17,26.8,,19.2,23,0,0,0,,22,,
2016-07-18,28.9,,18.7,23.8,16,0,16,,26,,
2016-07-19,23.6,,14.9,19.3,0.2,0,0.2,,29,,
2016-07-20,26.8,,14.4,20.6,0,0,0,,24,,
2016-07-21,30.8,,17.4,24.1,2.6,0,2.6,,23,,
2016-07-22,32.7,,21.1,26.9,0.8,0,0.8,,24,,
2016-07-23,27.5,,17.5,22.5,17.2,0,17.2,,4,,
2016-07-24,25.4,,13.2,19.3,0,0,0,,22,,
2016-07-25,26.2,,18.7,22.5,5.8,0,5.8,,23,,
2016-07-26,27.8,,19.2,23.5,0,0,0,,27,,
2016-07-27,30.1,,18.1,24.1,0,0,0,,21,,
2016-07-28,28.3,,19.1,23.7,0,0,0,,21,,
2016-07-29,26.5,,16.4,21.5,0,0,0,,28,,
2016-07-30,26,,17.6,21.8,0,0,0,,21,,
2016-07-31,28.9,,15.9,22.4,0,0,0,,19,,
2016-08-01,27.6,,18.9,23.3,0,0,0,,18,,
2016-08-02,29.2,,17.7,23.5,0,0,0,,16,,
2016-08-03,30.3,,16.7,23.5,0,0,0,,21,,
2016-08-04,32.2,,21.7,27,0,0,0,,21,,
2016-08-05,33.8,,20.9,27.4,0,0,0,,21,,
2016-08-06,28.7,,19.4,24.1,0,0,0,,28,,
2016-08-07,26.8,,17.2,22,0,0,0,,30,,
2016-08-08,29.1,,16.1,22.6,0,0,0,,27,,
2016-08-09,29.2,,12.8,21,0,0,0,,19,,
2016-08-10,32.5,,20.1,26.3,0,0,0,,21,,
2016-08-11,31.8,,22.2,27,0,0,0,,28,,
2016-08-12,26.7,,18.5,22.6,3.2,0,3.2,,3,,
2016-08-13,20.4,,16.6,18.5,33,0,33,,30,,
2016-08-14,26,,17.2,21.6,15.8,0,15.8,,29,,
2016-08-15,27.1,,16.9,22,0,0,0,,21,,
2016-08-16,25.1,,16.9,21,67,0,67,,6,,
2016-08-17,27.3,,16.7,22,0.2,0,0.2,,21,,
2016-08-18,27.5,,17.5,22.5,0,0,0,,27,,
2016-08-19,27.1,,15,21.1,0,0,0,,21,,
2016-08-20,29.6,,18.6,24.1,0,0,0,,16,,
2016-08-21,27.3,,18.7,23,14.8,0,14.8,,18,,
2016-08-22,21.8,,13.3,17.6,0.8,0,0.8,,28,,
2016-08-23,26.6,,13.2,19.9,0,0,0,,21,,
2016-08-24,28.6,,18.6,23.6,0,0,0,,21,,
2016-08-25,26.5,,21.9,24.2,1.8,0,1.8,,21,,
2016-08-26,28.3,,20.3,24.3,0,0,0,,28,,
2016-08-27,26.2,,16.7,21.5,0,0,0,,29,,
2016-08-28,28.1,,19.3,23.7,0,0,0,,18,,
2016-08-29,25.2,,17.2,21.2,0,0,0,,29,,
2016-08-30,25.7,,15.7,20.7,0,0,0,,21,,
2016-08-31,26.1,,17,21.6,8.4,0,8.4,,21,,
2016-09-01,22.7,,13.8,18.3,0.4,0,0.4,,21,,
2016-09-02,21.6,,13.1,17.4,0,0,0,,30,,
2016-09-03,22.3,,11,16.7,0,0,0,,,,
2016-09-04,24.8,,12.6,18.7,0,0,0,,,,
2016-09-05,26.8,,12.6,19.7,0,0,0,,,,
2016-09-06,27.8,,14.1,21,0,0,0,,,,
2016-09-07,29.5,,16.1,22.8,1,0,1,,,,
2016-09-08,25.5,,21.4,23.5,12.2,0,12.2,,22,,
2016-09-09,27.1,,19.3,23.2,0,0,0,,26,,
2016-09-10,27.3,,16.8,22.1,5.4,0,5.4,,16,,
2016-09-11,23.2,,10.2,16.7,1,0,1,,26,,
2016-09-12,22.9,,10.3,16.6,0,0,0,,22,,
2016-09-13,26.7,,13.4,20.1,0,0,0,,22,,
2016-09-14,21.7,,9.7,15.7,0.6,0,0.6,,34,,
2016-09-15,17.4,,7,12.2,0,0,0,,,,
2016-09-16,20.6,,7.8,14.2,0,0,0,,,,
2016-09-17,23.5,,13.9,18.7,2,0,2,,22,,
2016-09-18,25.9,,19.2,22.6,0.8,0,0.8,,21,,
2016-09-19,26.1,,15.2,20.7,0,0,0,,,,
2016-09-20,26.5,,13.8,20.2,0,0,0,,23,,
2016-09-21,26.4,,12.3,19.4,0,0,0,,26,,
2016-09-22,22.2,,11.8,17,1.6,0,1.6,,3,,
2016-09-23,18.3,,8.3,13.3,2.6,0,2.6,,1,,
2016-09-24,17.7,,5.6,11.7,0,0,0,,29,,
2016-09-25,17.1,,6.1,11.6,0,0,0,,29,,
2016-09-26,18.3,,4.3,11.3,1.2,0,1.2,,12,,
2016-09-27,20.9,,11.9,16.4,2.4,0,2.4,,29,,
2016-09-28,21,,10.1,15.6,0,0,0,,4,,
2016-09-29,18.2,,8.1,13.2,0,0,0,,5,,
2016-09-30,18.8,,8,13.4,0,0,0,,5,,
2016-10-01,18.1,,11.6,14.9,0,0,0,,,,
2016-10-02,16,,13.1,14.6,1.6,0,1.6,,,,
2016-10-03,19.4,,8.5,14,0,0,0,,4,,
2016-10-04,19.3,,5.1,12.2,0,0,0,,,,
2016-10-05,20.5,,7.6,14.1,0,0,0,,,,
2016-10-06,23.4,,8.8,16.1,0,0,0,,,,
2016-10-07,25,,9.9,17.5,0,0,0,,16,,
2016-10-08,17.6,,10.6,14.1,17.6,0,17.6,,26,,
2016-10-09,13.8,,4.8,9.3,0,0,0,,0,,
2016-10-10,11.8,,2.6,7.2,0,0,0,,30,,
2016-10-11,16.7,,3.1,9.9,0,0,0,,,,
2016-10-12,20.2,,8.8,14.5,0,0,0,,16,,
2016-10-13,14.4,,3.7,9.1,7.4,0,7.4,,28,,
2016-10-14,10.7,,0.7,5.7,0,0,0,,,,
2016-10-15,16,,4.5,10.3,0,0,0,,15,,
2016-10-16,18.3,,11.3,14.8,13,0,13,,22,,
2016-10-17,15.6,,8.2,11.9,0,0,0,,2,,
2016-10-18,24.3,,8.4,16.4,5.8,0,5.8,,23,,
2016-10-19,17.1,,9.1,13.1,0,0,0,,29,,
2016-10-20,12.4,,7.5,10,26.4,0,26.4,,7,,
2016-10-21,10.3,,7.8,9.1,32.8,0,32.8,,1,,
2016-10-22,8.1,,2.6,5.4,29.4,0,29.4,,27,,
2016-10-23,10.2,,3.2,6.7,2.6,0,2.6,,27,,
2016-10-24,7,,3,5,0,0,0,,27,,
2016-10-25,6.9,,-0.6,3.2,0,0,0,,30,,
2016-10-26,3.4,,-0.8,1.3,0,0,0,,,,
2016-10-27,6.2,,-1,2.6,16.4,0,16.4,,8,,
2016-10-28,5.7,,3.7,4.7,3,0,3,,7,,
2016-10-29,7.7,,3.2,5.5,7,0,7,,13,,
2016-10-30,6.5,,4.1,5.3,0,0,0,,,,
2016-10-31,4.6,,1.6,3.1,0,0,0,,,,
2016-11-01,11.2,,-0.3,5.5,0.4,0,0.4,,15,,
2016-11-02,15.2,,6.6,10.9,0,0,0,,,,
2016-11-03,10.7,,5.6,8.2,10,0,10,,34,,
2016-11-04,5.6,,0.5,3.1,0.4,0,0.4,,23,,
2016-11-05,8.6,,2.2,5.4,1.2,0,1.2,,,,
2016-11-06,9.1,,-1.6,3.8,0.4,0,0.4,,34,,
2016-11-07,10.8,,-3,3.9,0,0,0,,,,
2016-11-08,16,,0.8,8.4,0,0,0,,,,
2016-11-09,10,,-0.8,4.6,0.2,0,0.2,,1,,
2016-11-10,12.3,,-1.9,5.2,0,0,0,,23,,
2016-11-11,11.8,,-1.3,5.3,1.8,0,1.8,,30,,
2016-11-12,7.4,,-3.3,2.1,0,0,0,,23,,
2016-11-13,11,,6.3,8.7,0,0,0,,23,,
2016-11-14,13.1,,4.7,8.9,0,0,0,,24,,
2016-11-15,11.8,,2.3,7.1,0.4,0,0.4,,2,,
2016-11-16,7.9,,5.7,6.8,3.2,0,3.2,,2,,
2016-11-17,10.4,,1.6,6,0,0,0,,,,
2016-11-18,8.6,,-1.1,3.8,0,0,0,,,,
2016-11-19,9.6,,2.3,6,0,0,0,,25,,
2016-11-20,6.2,,-0.5,2.9,11.6,3.4,15,1,26,,
2016-11-21,-0.5,,-2.4,-1.5,0,4,4.4,5,26,,
2016-11-22,-0.1,,-1.8,-1,0,0.2,0.2,3,29,,
2016-11-23,-0.1,,-3.8,-2,0,0,0,3,23,,
2016-11-24,0.6,,-1.6,-0.5,0,2,2.6,2,,,
2016-11-25,1.4,,0.1,0.8,0.2,0.4,0.6,3,,,
2016-11-26,2.5,,-0.6,1,1.4,0,1.4,0,23,,
2016-11-27,2.3,,-0.4,1,0,0,0,0,27,,
2016-11-28,-0.3,,-2.8,-1.6,0,0,0,0,5,,
2016-11-29,2.2,,-1.6,0.3,9.2,0,9.2,,4,,
2016-11-30,8.2,,1.2,4.7,6,0,6,,10,,
2016-12-01,8.5,,4.5,6.5,19.2,0,19.2,,23,,
2016-12-02,5.8,,1.7,3.8,1.6,0,1.6,,26,,
2016-12-03,3.5,,-0.4,1.6,0,0,0,0,31,,
2016-12-04,1.2,,-3.9,-1.4,0,0,0,,,,
2016-12-05,-2.2,,-5.5,-3.9,0,6.6,5.4,0,,,
2016-12-06,1.3,,-7,-2.9,0,0,0,7,,,
2016-12-07,3.1,,-1.7,0.7,0.8,1.2,2.2,7,23,,
2016-12-08,2.3,,-3.2,-0.5,0,3.4,3.4,1,24,,
2016-12-09,-3,,-8.3,-5.7,0,0,0,3,31,,
2016-12-10,-5.2,,-11.6,-8.4,0,0,0,2,,,
2016-12-11,-3.8,,-13.7,-8.8,0,0.4,0.4,2,,,
2016-12-12,-2.6,,-6.3,-4.5,0,15.2,12.2,8,28,,
2016-12-13,2.2,,-7.5,-2.7,0,1.4,1.4,14,21,,
2016-12-14,-0.6,,-8,-4.3,0,0.4,0.4,15,23,,
2016-12-15,-7.7,,-20.5,-14.1,0,1.2,0.6,15,30,,
2016-12-16,-15.3,,-23.5,-19.4,0.2,0,0.2,15,28,,
2016-12-17,-7.6,,-15.7,-11.7,0,4.8,4.8,12,1,,
2016-12-18,-3.6,,-17.3,-10.5,3.2,1.6,6.4,10,27,,
2016-12-19,-11.2,,-22.5,-16.9,0,0,0,10,,,
2016-12-20,-0.1,,-17.1,-8.6,0,0,0,10,23,,
2016-12-21,2.3,,-0.4,1,0,0,0,10,25,,
2016-12-22,1.1,,-0.4,0.4,0,4.2,2.8,9,,,
2016-12-23,1.9,,-0.5,0.7,0,0,0,9,26,,
2016-12-24,3,,-0.4,1.3,0.2,3.2,5.4,9,24,,
2016-12-25,2.9,,-11.3,-4.2,0,0,0,11,32,,
2016-12-26,2.2,,-12.6,-5.2,21.4,0,21.4,11,15,,
2016-12-27,7.1,,-0.3,3.4,0.4,0,0.4,6,23,,
2016-12-28,-0.2,,-8.2,-4.2,0,0,0,5,24,,
2016-12-29,0.7,,-6.6,-3,0,13.2,9.6,5,15,,
2016-12-30,-1.6,,-11.4,-6.5,0,0,0,14,26,,
2016-12-31,-8.6,,-15.3,-12,0,7,7,8,3,,
2017-01-01,-2.4,,-8.7,-5.6,0,2.8,2.4,12,28,,
2017-01-02,1.8,,-10.2,-4.2,0,0,0,6,,,
2017-01-03,0.5,,-5.8,-2.7,14.2,3.6,17.4,6,5,,
2017-01-04,2.5,,-5.6,-1.6,0.2,9,8,12,24,,
2017-01-05,-5.3,,-10.7,-8,0,0,0,13,24,,
2017-01-06,-7.7,,-16.4,-12.1,0,0,0,13,10,,
2017-01-07,-9.6,,-18.9,-14.3,0,0,0,13,,,
2017-01-08,-10.9,,-20.3,-15.6,0,0,0,12,30,,
2017-01-09,-7,,-21.9,-14.5,0,0.4,0.4,11,15,,
2017-01-10,1.3,,-8.3,-3.5,1.2,1,2.2,11,15,,
2017-01-11,5.7,,1.2,3.5,3,0,3,10,22,,
2017-01-12,5,,-0.9,2.1,10,0,10,4,26,,
2017-01-13,-0.4,,-14.9,-7.7,0.4,0,0.4,2,28,,
2017-01-14,-7.1,,-17.2,-12.2,0,0,0,1,18,,
2017-01-15,-7.4,,-11.3,-9.4,0,0,0,1,,,
2017-01-16,2.7,,-9,-3.2,0,0,0,1,23,,
2017-01-17,-0.4,,-5.3,-2.9,0,1.4,1.4,1,4,,
2017-01-18,-1.3,,-5.3,-3.3,0.6,6.8,7,3,4,,
2017-01-19,2,,-1.3,0.4,0,0,0,4,26,,
2017-01-20,2.2,,0.2,1.2,0,0,0,3,,,
2017-01-21,2.1,,0.3,1.2,0.6,0,0.6,2,,,
2017-01-22,2.1,,-2.6,-0.3,0,0,0,1,4,,
2017-01-23,-0.1,,-3.8,-2,0,0,0,0,5,,
2017-01-24,-2.3,,-3.8,-3.1,5.6,7,12.4,0,3,,
2017-01-25,0.3,,-2.4,-1.1,0,3.2,2.6,4,24,,
2017-01-26,1.4,,0.1,0.8,0,2.2,1.6,5,25,,
2017-01-27,0.8,,-3.1,-1.2,0,3.6,2.6,4,25,,
2017-01-28,0.2,,-3,-1.4,0,0.2,0.2,5,26,,
2017-01-29,-0.3,,-6.5,-3.4,0,1,1,5,22,,
2017-01-30,-6.4,,-13.7,-10.1,0,0,0,5,23,,
2017-01-31,-7.2,,-17.6,-12.4,0,0,0,5,,,
2017-02-01,-6.3,,-13.9,-10.1,0,2.2,1.8,5,2,,
2017-02-02,-5.7,,-10.7,-8.2,0,0.6,0.6,6,27,,
2017-02-03,-5.3,,-9.9,-7.6,0,0,0,6,27,,
2017-02-04,-3.4,,-13.2,-8.3,0,0,0,6,27,,
2017-02-05,-0.4,,-7.7,-4.1,,0.4,0.2,6,30,,
2017-02-06,-7.6,,-13.6,-10.6,0,1.2,1.2,6,30,,
2017-02-07,1.1,,-12,-5.5,12,10.4,23.4,8,5,,
2017-02-08,3.9,,-9.8,-3,9.4,0,9.4,8,28,,
2017-02-09,-9.8,,-15.3,-12.6,0,0,0,7,2,,
2017-02-10,-12.9,,-16.2,-14.6,0,0,0,7,28,,
2017-02-11,-10.4,,-13.9,-12.2,0,3.2,2,8,4,,
2017-02-12,-2.9,,-13.6,-8.3,0,23,24,9,6,,
2017-02-13,-3,,-8,-5.5,0,3,3,25,0,,
2017-02-14,-3.5,,-11.9,-7.7,0,2,1.6,25,,,
2017-02-15,-2.8,,-6.4,-4.6,0,8.6,7.4,27,2,,
2017-02-16,-2,,-4.9,-3.5,0,3.4,3.4,29,28,,
2017-02-17,-2.8,,-9.1,-6,0,0,0,29,24,,
2017-02-18,7.6,,-5.7,1,0,0,0,22,23,,
2017-02-19,8,,0.5,4.3,0,0,0,12,26,,
2017-02-20,0.5,,-7,-3.3,0,0,0,8,35,,
2017-02-21,3.3,,-8.2,-2.5,0,0,0,7,10,,
2017-02-22,6.5,,0,3.3,0,0,0,5,,,
2017-02-23,12.3,,1.4,6.9,0.6,0,0.6,3,24,,
2017-02-24,4.4,,0.6,2.5,1.4,0,1.4,0,3,,
2017-02-25,14.5,,0.1,7.3,26,0,26,0,23,,
2017-02-26,1.9,,-4.8,-1.5,0,0,0,0,27,,
2017-02-27,5.6,,-2,1.8,0,0,0,0,23,,
2017-02-28,8.3,,-4.6,1.9,0.2,0,0.2,,13,,
2017-03-01,7.3,,1.9,4.6,15.6,0,15.6,,26,,
2017-03-02,5.5,,-10.2,-2.4,0,0.4,0.4,0,26,,
2017-03-03,-8,,-14.3,-11.2,0,0,0,0,31,,
2017-03-04,-12.3,,-17.6,-15,0,0,0,0,29,,
2017-03-05,-6.2,,-17.5,-11.9,0,0,0,0,23,,
2017-03-06,0.7,,-12.9,-6.1,7,0,7,0,4,,
2017-03-07,6,,-2.9,1.6,7.8,0,7.8,,15,,
2017-03-08,10.4,,1.2,5.8,4.2,0.4,4.6,,23,,
2017-03-09,1.9,,-5.9,-2,0,0.4,0.4,,26,,
2017-03-10,-4.8,,-19,-11.9,0,2.6,2.6,0,31,,
2017-03-11,-15.2,,-20.8,-18,0,0,0,0,29,,
2017-03-12,-10.3,,-17.2,-13.8,0,0,0,,27,,
2017-03-13,-8.3,,-15.8,-12.1,0,0,0,,,,
2017-03-14,-7.6,,-9.3,-8.5,0,31.6,31.6,0,7,,
2017-03-15,-4.2,,-8.1,-6.2,0,7.8,7.8,28,33,,
2017-03-16,-3.4,,-9.9,-6.7,0,0.2,0.2,23,26,,
2017-03-17,-2.3,,-12,-7.2,0,0,0,20,22,,
2017-03-18,0.4,,-15,-7.3,0,0,0,17,4,,
2017-03-19,3,,-9.2,-3.1,0,0,0,15,,,
2017-03-20,5.1,,-7.5,-1.2,0,0,0,13,,,
2017-03-21,3.6,,-3,0.3,0.2,0.2,0.4,9,34,,
2017-03-22,-3.1,,-13.2,-8.2,0,0,0,8,33,,
2017-03-23,0.3,,-11.4,-5.6,0,0,0,8,26,,
2017-03-24,0.1,,-2.7,-1.3,0,11.4,11,5,,,
2017-03-25,2.3,,-7.9,-2.8,0,0,0,13,2,,
2017-03-26,1.5,,-8.1,-3.3,1,0,1,11,3,,
2017-03-27,4,,1,2.5,10.2,0,10.2,8,,,
2017-03-28,4.8,,0.8,2.8,3.6,0,3.6,4,,,
2017-03-29,6.3,,1.7,4,0,0,0,2,35,,
2017-03-30,5.6,,-0.3,2.7,,,,2,,,
2017-03-31,5.2,,0.1,2.7,2,2.6,10.4,1,5,,
2017-04-01,2.4,,0.2,1.3,0,3.6,3.6,3,,,
2017-04-02,9.9,,-0.6,4.7,0,0,0,0,27,,
2017-04-03,8.7,,-2.4,3.2,0,0,0,0,4,,
2017-04-04,5.6,,2.1,3.9,36.2,0,36.2,,12,,
2017-04-05,7.6,,3.8,5.7,2.8,0,2.8,,26,,
2017-04-06,5.1,,2,3.6,35.8,0,35.8,,2,,
2017-04-07,5.5,,1.4,3.5,9.6,0,9.6,,3,,
2017-04-08,8.2,,0.4,4.3,0,0,0,0,33,,
2017-04-09,16,,-2.2,6.9,0,0,0,,,,
2017-04-10,25.6,,8.2,16.9,1.4,0,1.4,,25,,
2017-04-11,14.1,,4.7,9.4,3.8,0,3.8,,4,,
2017-04-12,10.1,,4.2,7.2,2.2,0,2.2,,24,,
2017-04-13,14.2,,1.8,8,0,0,0,,28,,
2017-04-14,14.3,,-0.8,6.8,0,0,0,,,,
2017-04-15,19,,2.9,11,3.8,0,3.8,,23,,
2017-04-16,15.6,,8,11.8,14.8,0,14.8,,1,,
2017-04-17,8.8,,3.4,6.1,1.6,0,1.6,,25,,
2017-04-18,9.5,,0.6,5.1,0,0,0,,7,,
2017-04-19,9.7,,5.3,7.5,18.2,0,18.2,,15,,
2017-04-20,10,,5.2,7.6,0,0,0,,8,,
2017-04-21,12.2,,6.9,9.6,8.4,0,8.4,,15,,
2017-04-22,9.7,,4.1,6.9,0.2,0,0.2,,29,,
2017-04-23,18,,0.7,9.4,0,0,0,,23,,
2017-04-24,9.5,,0.4,5,0,0,0,,4,,
2017-04-25,15.2,,1.8,8.5,6.6,0,6.6,,13,,
2017-04-26,16.2,,8.8,12.5,1.2,0,1.2,,2,,
2017-04-27,25.3,,10.3,17.8,0,0,0,,8,,
2017-04-28,20.8,,9.4,15.1,0.6,0,0.6,,23,,
2017-04-29,19.4,,4.4,11.9,0,0,0,,27,,
2017-04-30,7.1,,1.7,4.4,9,0,9,,5,,
2017-05-01,9.7,,5.5,7.6,37.2,0,37.2,,27,,
2017-05-02,16.4,,7.5,12,0,0,0,,22,,
2017-05-03,12.8,,3.1,8,0.2,0,0.2,,29,,
2017-05-04,16.2,,2.2,9.2,0.2,0,0.2,,23,,
2017-05-05,10,,6.8,8.4,22,0,22,,12,,
2017-05-06,21.9,,6.8,14.4,9.4,0,9.4,,12,,
2017-05-07,10.5,,3.2,6.9,6.6,0,6.6,,23,,
2017-05-08,6.1,,0.8,3.5,0,0,0,,23,,
2017-05-09,8.8,,0.6,4.7,0,0,0,,,,
2017-05-10,12.6,,2.5,7.6,0,0,0,,1,,
2017-05-11,13.2,,6,9.6,0,0,0,,3,,
2017-05-12,18.7,,7.1,12.9,0,0,0,,5,,
2017-05-13,18.9,,9,14,2,0,2,,14,,
2017-05-14,13.1,,8.8,11,4.6,0,4.6,,1,,
2017-05-15,22.8,,9.3,16.1,0,0,0,,1,,
2017-05-16,22.9,,7.9,15.4,0,0,0,,23,,
2017-05-17,29.3,,14.1,21.7,0,0,0,,23,,
2017-05-18,30.4,,18.7,24.6,0.6,0,0.6,,24,,
2017-05-19,19.6,,8,13.8,0,0,0,,1,,
2017-05-20,18.2,,5.6,11.9,0,0,0,,3,,
2017-05-21,19.9,,8.3,14.1,2.8,0,2.8,,9,,
2017-05-22,14.3,,9.8,12.1,7.2,0,7.2,,15,,
2017-05-23,21.1,,9.9,15.5,0,0,0,,19,,
2017-05-24,24.5,,10.2,17.4,0,0,0,,,,
2017-05-25,20.4,,12.6,16.5,11,0,11,,7,,
2017-05-26,14.1,,11.5,12.8,1.6,0,1.6,,3,,
2017-05-27,22.8,,11,16.9,0,0,0,,,,
2017-05-28,25.9,,11.9,18.9,0,0,0,,14,,
2017-05-29,19.6,,12.7,16.2,8,0,8,,14,,
2017-05-30,18.9,,12.3,15.6,9,0,9,,15,,
2017-05-31,23.5,,12.4,18,1.6,0,1.6,,27,,
2017-06-01,18.6,,9.9,14.3,0,0,0,,27,,
2017-06-02,15.5,,7.7,11.6,5.2,0,5.2,,27,,
2017-06-03,17.8,,9.7,13.8,0,0,0,,26,,
2017-06-04,22.3,,9.2,15.8,0,0,0,,20,,
2017-06-05,15.9,,12,14,42.4,0,42.4,,7,,
2017-06-06,15.8,,9.3,12.6,11,0,11,,6,,
2017-06-07,24.8,,7.3,16.1,0,0,0,,22,,
2017-06-08,27.6,,14,20.8,0,0,0,,23,,
2017-06-09,25.6,,11.8,18.7,0,0,0,,26,,
2017-06-10,25.1,,9.2,17.2,0,0,0,,23,,
2017-06-11,29.6,,20,24.8,0,0,0,,24,,
2017-06-12,31.4,,20,25.7,2.2,0,2.2,,23,,
2017-06-13,26.4,,16.6,21.5,0,0,0,,1,,
2017-06-14,20.8,,12.6,16.7,0,0,0,,36,,
2017-06-15,24.1,,10.2,17.2,0.2,0,0.2,,12,,
2017-06-16,18.9,,14.8,16.9,25.4,0,25.4,,14,,